"","media","sd"
"1",-0.00438590033327233,0.00641080437520881
"2",1.10462542177937,0.00880256271234391
"3",-1.1002395214461,0.0113766148731183
